ro	ratio C/C_max
0.04000000000000001	0.3897000000000001
0.08000000000000002	0.3536999999999998
0.12	0.4460000000000005
0.16000000000000003	0.3890000000000001
0.2	0.3692
0.24	0.42320000000000113
0.27999999999999997	0.4802000000000006
0.32000000000000006	0.3813000000000009
0.36000000000000004	0.3420999999999995
0.4	0.3559
