phi	ratio C/C_max
0.05	0.4079032407407388
0.1	0.40292277777777413
0.15	0.4137169444444536
0.2	0.40154592592592914
0.25	0.4010802777777666
0.3	0.39637148148146367
0.35	0.3990006481481403
0.4	0.4010278703703596
0.45	0.4133933333333463
0.5	0.4104250000000134
0.55	0.40207407407407786
0.6	0.3923017592592477
0.65	0.39808194444445955
0.7	0.3951890740740622
0.75	0.3954544444444556
0.8	0.3984837037037095
0.85	0.38811611111110783
0.9	0.40020907407406525
0.95	0.38757212962961846
1.0	0.3760564814814914
