phi	ratio C/C_max
0.08333333333333333	0.5367129999995669
0.16666666666666666	0.5575874999993313
0.25	0.5944069999994221
0.3333333333333333	0.527559999999522
0.4166666666666667	0.5276714999994067
0.5	0.505071499999391
0.5833333333333334	0.4752359999994835
0.6666666666666666	0.48837749999961094
0.75	0.4784019999994937
0.8333333333333334	0.4440564999993703
0.9166666666666666	0.4092324999994908
1.0	0.4171824999994329
